naziv,link,cena
Novi Beograd (Blok 70),https://www.beostan.co.rs/index.php?page=details&id=35140,250
Novi Beograd (Stari Merkator),https://www.beostan.co.rs/index.php?page=details&id=34889,280
Novi Beograd (YUBC Blok 30),https://www.beostan.co.rs/index.php?page=details&id=35072,280
Novi Beograd (Novi Merkator),https://www.beostan.co.rs/index.php?page=details&id=35102,280
Novi Beograd (Dr Ivana Ribara),https://www.beostan.co.rs/index.php?page=details&id=35073,290
Novi Beograd (Blok 45 Cetvorospratnice),https://www.beostan.co.rs/index.php?page=details&id=33986,300
Novi Beograd (Stari Merkator),https://www.beostan.co.rs/index.php?page=details&id=35119,300
Novi Beograd (Stari Merkator),https://www.beostan.co.rs/index.php?page=details&id=35124,320
Novi Beograd (Dr Ivana Ribara),https://www.beostan.co.rs/index.php?page=details&id=35052,350
Novi Beograd (BLOK 30 YUBC),https://www.beostan.co.rs/index.php?page=details&id=34999,350
Novi Beograd (Blok 70),https://www.beostan.co.rs/index.php?page=details&id=35170,350
Novi Beograd (Arena Blok 22),https://www.beostan.co.rs/index.php?page=details&id=35174,350
Novi Beograd (Blok 34 Carina),https://www.beostan.co.rs/index.php?page=details&id=34226,380
Novi Beograd (Fontana),https://www.beostan.co.rs/index.php?page=details&id=33552,380
Novi Beograd (Blok 70 Delta),https://www.beostan.co.rs/index.php?page=details&id=35027,400
Novi Beograd (Hotel Jugoslavija),https://www.beostan.co.rs/index.php?page=details&id=34947,400
Novi Beograd (Novi Merkator ),https://www.beostan.co.rs/index.php?page=details&id=35076,400
Centar (Vracar),https://www.beostan.co.rs/index.php?page=details&id=35118,250
Centar (Savski Venac),https://www.beostan.co.rs/index.php?page=details&id=34952,300
Centar (Slavija),https://www.beostan.co.rs/index.php?page=details&id=35061,300
Centar (Zvedara AVIV PARK Cvetko),https://www.beostan.co.rs/index.php?page=details&id=35116,300
Centar (Vracar Lekino Brdo),https://www.beostan.co.rs/index.php?page=details&id=35137,300
Centar (Vracar),https://www.beostan.co.rs/index.php?page=details&id=35163,300
Centar (Tas),https://www.beostan.co.rs/index.php?page=details&id=35096,300
Centar (Skadarlija),https://www.beostan.co.rs/index.php?page=details&id=35106,330
Centar (Djeram),https://www.beostan.co.rs/index.php?page=details&id=35029,350
Centar (Obilicev Venac),https://www.beostan.co.rs/index.php?page=details&id=35134,350
Centar (VUK),https://www.beostan.co.rs/index.php?page=details&id=35146,350
Centar (Vracar),https://www.beostan.co.rs/index.php?page=details&id=35148,350
Centar (Vracar Hram),https://www.beostan.co.rs/index.php?page=details&id=35147,370
Centar (Vracar Lekino Brdo),https://www.beostan.co.rs/index.php?page=details&id=35003,380
Centar (Zira),https://www.beostan.co.rs/index.php?page=details&id=34555,400
Centar (Palilula),https://www.beostan.co.rs/index.php?page=details&id=34583,400
Centar (Stari Grad),https://www.beostan.co.rs/index.php?page=details&id=34879,400
Centar (Obilicev Venac),https://www.beostan.co.rs/index.php?page=details&id=34814,400
Centar (Savski Venac),https://www.beostan.co.rs/index.php?page=details&id=34875,400
Centar (Vracar Lekino Brdo),https://www.beostan.co.rs/index.php?page=details&id=34931,400
Centar (Vracar),https://www.beostan.co.rs/index.php?page=details&id=35070,400
Centar (Stari Grad),https://www.beostan.co.rs/index.php?page=details&id=35011,400
Centar (Stari Grad),https://www.beostan.co.rs/index.php?page=details&id=34242,400
Širi centar (Banovo Brdo),https://www.beostan.co.rs/index.php?page=details&id=35178,300
Širi centar (Karaburma),https://www.beostan.co.rs/index.php?page=details&id=35022,350
Širi centar (Vozdovac),https://www.beostan.co.rs/index.php?page=details&id=34949,380
Širi centar (Vozdovac),https://www.beostan.co.rs/index.php?page=details&id=35026,400
Širi centar (Vozdovac Stepa Stepanovic),https://www.beostan.co.rs/index.php?page=details&id=34775,400
Širi centar (Dedinje),https://www.beostan.co.rs/index.php?page=details&id=34813,400
Širi centar (Cukaricka Padina Ada),https://www.beostan.co.rs/index.php?page=details&id=33301,400
Zemun (Save Kovacevic),https://www.beostan.co.rs/index.php?page=details&id=35190,220
Zemun (Kalvarija Tosin Bunar),https://www.beostan.co.rs/index.php?page=details&id=33824,350
Zemun (Zemunske Kapije),https://www.beostan.co.rs/index.php?page=details&id=35139,400
Bežanijska kosa (Bezanijska Kosa 1),https://www.beostan.co.rs/index.php?page=details&id=35092,350
